parent,child,site,snp,dimer
Node2,DRC/PP_000ZSTN.1/2022-10-01,21066,G->T,
Node2,Node3,134714,G->A,GA
Node2,Node3,145477,T->A,
Node2,Node3,146115,A->T,
Node2,Node3,146403,G->A,GT
Node2,Node3,171616,G->A,GT
Node2,Node3,189877,G->T,
Node3,DRC/PP_0012WPL.1/2024-09-10,102212,G->A,GA
Node3,Node4,120444,C->T,TC
Node4,Node9,17242,G->A,GA
Node4,Node9,100678,C->T,TC
Node9,DRC/PP_0012ZV5.1/2024-09-23,42512,C->T,TC
Node9,DRC/PP_0012ZV5.1/2024-09-23,114848,C->T,TC
Node9,DRC/PP_0013DHD.1/2024-10-10,10177,C->T,AC
Node9,DRC/PP_0013DHD.1/2024-10-10,118923,G->A,GA
Node9,Node19,33808,C->T,TC
Node9,Node19,170015,G->A,GA
Node19,DRC/PP_0013GEH.1/2024-10-31,137205,C->T,TC
Node19,DRC/PP_0013H26.1/2024-11-01,23553,C->T,TC
Node9,DRC/PP_0013JRS.1/2024-11-07,25129,G->T,
Node9,DRC/PP_0013JRS.1/2024-11-07,79866,C->T,TC
Node9,PP_002XE2K.1,25457,C->T,TC
Node9,PP_002XE2K.1,77605,G->A,GA
Node9,PP_002XE2K.1,111440,C->T,TC
Node9,PP_002XE2K.1,148813,C->T,TC
Node9,PP_002XE2K.1,153760,G->A,GA
Node9,PP_002XE2K.1,169452,A->T,
Node4,Node7,11298,C->T,TC
Node7,DRC/PP_0013DDN.1/2024-10-09,43955,G->T,
Node7,Node8,82372,G->A,GA
